City_ID,City,Lat,Lng,Max Temp,Humidity,Cloudiness,Wind Speed,Country,Date
0,kurumkan,54.3,110.3,14.4,66,0,0.59,RU,1693432208
1,vorgashor,67.5833,63.95,6.89,80,44,2.21,RU,1693432209
2,greymouth,-42.4667,171.2,8.58,89,93,1.32,NZ,1693432210
3,laojunmiao,39.8333,97.7333,17.58,49,94,2.63,CN,1693432211
4,hawaiian paradise park,19.5933,-154.9731,27.24,87,100,2.57,US,1693432212
5,olonkinbyen,70.9221,-8.7187,5.27,82,47,2.68,SJ,1693432213
6,bredy,52.4153,60.3411,7.77,90,64,6.1,RU,1693432214
7,kristiansund,63.1115,7.732,13.03,94,20,2.06,NO,1693432215
8,badger,64.8,-147.5333,13.33,91,100,3.6,US,1693432216
9,dabakala,8.3667,-4.4333,23.27,90,55,0.56,CI,1693432217
10,qarazhal,48.0078,70.7903,13.33,46,5,5.2,KZ,1693432219
11,weno,7.4515,151.8468,28.97,84,100,3.09,FM,1693432221
12,porto novo,6.4965,2.6036,24.9,94,100,1.8,BJ,1693432222
13,bethel,41.3712,-73.414,27.51,64,4,1.34,US,1693432223
14,pacasmayo,-7.4006,-79.5714,21.87,73,4,6.52,PE,1693432224
15,puerto ayora,-0.7393,-90.3518,29.98,89,87,5.36,EC,1693432225
16,tabou,4.423,-7.3528,24.72,85,94,3.31,CI,1693432226
17,alofi,-19.0595,-169.9187,24.94,69,75,4.12,NU,1693432229
18,cabo san lucas,22.8909,-109.9124,34.78,69,7,1.34,MX,1693432084
19,st. john's,47.5649,-52.7093,18.77,96,100,8.75,CA,1693432232
20,faya-largeau,17.9257,19.1043,36.79,23,45,3.19,TD,1693432234
21,port elizabeth,-33.918,25.5701,17.16,59,0,1.54,ZA,1693432235
22,college,64.8569,-147.8028,13.38,91,100,3.6,US,1693432239
23,edinburgh of the seven seas,-37.0676,-12.3116,11.86,69,32,7.46,SH,1693432242
24,singaraja,-8.112,115.0882,23.56,83,63,1.19,ID,1693432243
25,haiku-pauwela,20.9219,-156.3051,30.01,55,40,10.29,US,1693432246
26,port-aux-francais,-49.35,70.2167,4.99,90,100,18.85,TF,1693432251
27,adamstown,-25.066,-130.1015,20.78,89,100,8.84,PN,1693432253
28,fuyuan,46.4333,127.0833,13.4,97,97,5.53,CN,1693432277
29,pacific grove,36.6177,-121.9166,35.21,71,0,4.47,US,1693432172
30,strelka,58.0728,93.0344,13.07,89,95,2.12,RU,1693432281
31,chiredzi,-21.05,31.6667,15.45,67,29,0.4,ZW,1693432282
32,fukuecho,32.6881,128.8419,26.62,86,82,5.32,JP,1693432284
33,sitka,57.0531,-135.33,15.94,82,100,2.06,US,1693432289
34,kodiak,57.79,-152.4072,11.73,100,100,3.09,US,1693432292
35,port saint john's,-31.6229,29.5448,21.06,41,0,3.28,ZA,1693432294
36,atafu village,-8.5421,-172.5159,28.86,74,54,6.95,TK,1693432295
37,angra do heroismo,38.65,-27.2167,23.4,86,20,1.58,PT,1693432069
38,sultanah,24.4926,39.5857,35.25,8,0,2.06,SA,1693432298
39,whitehorse,60.7161,-135.0538,18.94,48,75,7.72,CA,1693432130
40,avarua,-21.2078,-159.775,22.03,56,75,3.09,CK,1693432301
41,stanley,54.868,-1.6985,11.14,94,0,1.03,GB,1693432302
42,yatou,37.15,122.3833,18.44,72,0,1.66,CN,1693432304
43,grytviken,-54.2811,-36.5092,-2.86,77,50,3.41,GS,1693432308
44,yellowknife,62.456,-114.3525,21.29,56,100,2.06,CA,1693432331
45,villa ocampo,-28.4875,-59.3551,22.68,46,0,2.44,AR,1693432334
46,ust-nera,64.5667,143.2,14.59,93,100,4.88,RU,1693432337
47,opuwo,-18.0607,13.84,22.26,28,33,3.24,NA,1693432339
48,santa cruz,-17.8,-63.1667,31.7,40,20,8.23,BO,1693432340
49,puerto natales,-51.7236,-72.4875,2.61,87,99,5.0,CL,1693432342
50,hadibu,12.65,54.0333,26.08,81,20,7.93,YE,1693432346
51,blackmans bay,-43.0167,147.3167,11.07,85,100,4.6,AU,1693432347
52,lu-uk,5.9684,121.3122,26.17,87,33,2.63,PH,1693432349
53,as sulayyil,20.4607,45.5779,38.14,12,81,4.0,SA,1693432350
54,puerto lempira,15.2667,-83.7667,33.08,62,40,0.0,HN,1693432352
55,albany,42.6001,-73.9662,23.53,68,26,4.96,US,1693432375
56,ilulissat,69.2167,-51.1,4.01,87,75,1.03,GL,1693432376
57,sandur,15.1,76.55,24.16,78,30,2.9,IN,1693432378
58,berwick-upon-tweed,55.7833,-2.0,12.46,77,16,1.07,GB,1693432092
59,coquimbo,-29.9533,-71.3436,17.85,63,0,6.69,CL,1693431706
60,novyy urgal,51.0736,132.5642,12.97,94,100,1.16,RU,1693432383
61,bilajer,40.5681,50.0378,21.9,64,0,2.06,AZ,1693432384
62,bac lieu,9.285,105.7244,26.46,88,100,4.17,VN,1693432386
63,bredasdorp,-34.5322,20.0403,13.1,96,81,1.74,ZA,1693432387
64,kailua-kona,19.6406,-155.9956,30.28,72,20,4.12,US,1693432389
65,mercedes,-34.6515,-59.4307,17.19,55,33,2.22,AR,1693432390
66,pori,61.4833,21.7833,15.04,94,100,2.06,FI,1693432193
67,anadyr,64.75,177.4833,10.28,87,75,5.0,RU,1693432392
68,margaret river,-33.95,115.0667,9.33,83,2,4.37,AU,1693432394
69,tinghir,31.5157,-5.5343,26.12,25,34,2.14,MA,1693432396
70,rustaq,23.3908,57.4244,29.91,63,5,0.25,OM,1693432397
71,puerto baquerizo moreno,-0.9,-89.6,26.55,78,40,8.23,EC,1693432399
72,karimganj,24.8667,92.35,24.85,94,66,1.67,IN,1693432400
73,newman,37.3138,-121.0208,33.13,8,0,3.08,US,1693432402
74,ushuaia,-54.8,-68.3,5.81,65,40,4.63,AR,1693432403
75,iskateley,67.6803,53.1512,7.61,86,48,3.29,RU,1693432405
76,cedeira,43.6797,-8.0209,19.1,86,93,2.7,ES,1693432407
77,sur,22.5667,59.5289,29.31,69,3,3.94,OM,1693432411
78,waitangi,-43.9535,-176.5597,10.46,86,96,2.24,NZ,1693432413
79,inderbor,48.55,51.7833,17.09,36,0,3.68,KZ,1693432418
80,tiksi,71.6872,128.8694,1.17,73,94,7.53,RU,1693432421
81,cranbrook,49.4999,-115.7688,11.91,100,100,4.63,CA,1693432444
82,afaahiti,-17.75,-149.2833,26.93,79,93,5.91,PF,1693432445
83,manicore,-5.8092,-61.3003,31.97,62,0,4.63,BR,1693432447
84,carmo do rio claro,-20.9719,-46.1189,21.37,57,73,1.33,BR,1693432449
85,parczew,51.6402,22.9006,18.34,96,84,2.3,PL,1693432451
86,beas de segura,38.2524,-2.8888,20.76,35,71,1.86,ES,1693432454
87,bitkine,11.9801,18.2138,21.97,84,61,0.78,TD,1693432457
88,iqaluit,63.7506,-68.5145,4.85,80,100,6.17,CA,1693432481
89,vadso,70.0744,29.7487,13.49,87,20,3.09,NO,1693432483
90,guerrero negro,27.9769,-114.0611,28.62,55,96,5.44,MX,1693432485
91,gwadar,25.1216,62.3254,25.94,85,74,3.84,PK,1693432507
92,ouddorp,51.8117,3.9347,14.99,86,14,5.42,NL,1693432374
93,cockburn town,21.4612,-71.1419,29.21,84,100,7.87,TC,1693432381
94,tralee,52.2704,-9.7026,12.88,94,100,3.19,IE,1693432513
95,bardai,11.65,7.2333,22.84,86,77,3.74,NG,1693432516
96,mount gambier,-37.8333,140.7667,10.79,93,92,3.99,AU,1693432519
97,smithers,54.7804,-127.1743,18.18,68,75,2.06,CA,1693432521
98,thompson,55.7435,-97.8558,22.09,64,75,1.54,CA,1693432523
99,port lincoln,-34.7333,135.8667,12.78,78,100,3.82,AU,1693432525
100,invercargill,-46.4,168.35,12.79,61,54,5.81,NZ,1693432243
101,bilibino,68.0546,166.4372,9.09,96,100,6.25,RU,1693432527
102,manokwari,-0.8667,134.0833,25.79,80,97,1.38,ID,1693432528
103,saacow,1.6279,42.4407,23.83,77,37,6.05,SO,1693432529
104,saucillo,28.0167,-105.2833,33.59,16,27,2.36,MX,1693432531
105,trinidad,-14.8333,-64.9,35.99,41,20,4.12,BO,1693432532
106,vernon,50.2581,-119.2691,22.94,67,100,1.79,CA,1693432534
107,churachandpur,24.3333,93.6667,19.89,99,98,0.38,IN,1693432535
108,isafjordur,66.0755,-23.124,10.64,79,100,0.86,IS,1693432536
109,paracuru,-3.41,-39.0306,27.28,82,0,5.57,BR,1693432538
110,tolanaro,-25.0319,46.9987,20.04,77,40,5.14,MG,1693432542
111,dunedin,-45.8742,170.5036,11.71,66,16,1.53,NZ,1693432540
112,qaqortoq,60.7167,-46.0333,6.92,97,100,6.81,GL,1693432546
113,lensk,60.7253,114.9278,15.06,65,96,2.22,RU,1693432548
114,saipan,15.1355,145.701,27.39,94,75,0.0,MP,1693432550
115,lijiang,26.8688,100.2207,13.26,98,99,0.73,CN,1693432551
116,saldanha,-33.0117,17.9442,14.03,94,76,3.77,ZA,1693432552
117,taltal,-25.4,-70.4833,17.95,72,24,1.92,CL,1693432553
118,nagqu,31.5,92.0,2.83,90,97,0.96,CN,1693432555
119,same,-4.0667,37.7333,18.33,87,3,0.89,TZ,1693432559
120,lebu,-37.6167,-73.65,9.97,73,38,1.8,CL,1693432562
121,fada,9.5667,8.3,20.49,99,79,1.31,NG,1693432568
122,keflavik,64.0049,-22.5624,11.95,93,75,6.17,IS,1693432571
123,carnarvon,-24.8667,113.6333,19.72,71,0,1.84,AU,1693432573
124,bayville,40.9106,-73.5621,29.46,57,24,1.79,US,1693432575
125,mata-utu,-13.2816,-176.1745,27.06,82,94,10.93,WF,1693432577
126,guacamayas,18.0167,-102.2167,30.42,68,68,3.4,MX,1693432579
127,dzilam gonzalez,21.2833,-88.9333,30.52,66,78,3.44,MX,1693432581
128,tazacorte,28.629,-17.9293,24.54,75,100,4.63,ES,1693432582
129,ribeira grande,38.5167,-28.7,23.76,88,31,2.24,PT,1693432585
130,kovernino,57.1253,43.8142,10.06,85,14,1.58,RU,1693432587
131,solleftea,63.1667,17.2667,13.92,94,100,0.8,SE,1693432589
132,colonia,50.9333,6.95,14.42,86,0,1.54,DE,1693432424
133,iquique,-20.2208,-70.1431,19.02,76,32,3.6,CL,1693432458
134,le grau-du-roi,43.5388,4.1356,22.99,45,0,4.12,FR,1693432597
135,zhangzhou,24.5133,117.6556,29.96,91,100,0.89,CN,1693432601
136,port mathurin,-19.6833,63.4167,22.1,71,51,3.62,MU,1693432602
137,punta arenas,-53.15,-70.9167,3.21,78,88,6.75,CL,1693432604
138,katsuren-haebaru,26.3369,127.8719,29.43,89,20,3.6,JP,1693432605
139,erdenet,49.0333,104.0833,13.03,76,100,1.09,MN,1693432607
140,plymouth,41.8334,-70.8328,27.85,77,0,3.6,US,1693432434
141,trairi,-3.2778,-39.2689,25.42,82,0,4.57,BR,1693432441
142,trincomalee,8.5711,81.2335,26.66,76,100,7.34,LK,1693432610
143,rikaze,29.25,88.8833,13.16,62,34,2.41,CN,1693432611
144,flying fish cove,-10.4217,105.6791,23.82,94,100,4.12,CX,1693432613
145,embi,48.8264,58.1442,13.39,48,35,6.27,KZ,1693432614
146,port alfred,-33.5906,26.891,22.24,39,0,4.39,ZA,1693432615
147,khorixas,-20.3667,14.9667,22.4,35,1,1.98,NA,1693432616
148,bahia honda,22.9036,-83.1592,29.09,78,100,4.94,CU,1693432617
149,utrik,11.2278,169.8474,28.54,77,36,6.88,MH,1693432619
150,tsimlyansk,47.6461,42.1019,17.99,39,0,2.99,RU,1693432620
151,dapa,9.7594,126.0531,27.89,79,100,3.45,PH,1693432621
152,west island,-12.1568,96.8225,25.99,83,75,5.66,CC,1693432624
153,nar'yan-mar,67.6713,53.087,7.58,87,42,3.25,RU,1693432626
154,lockwood,45.8191,-108.4149,29.6,29,40,3.6,US,1693432627
155,wailua homesteads,22.0669,-159.378,29.44,77,40,6.17,US,1693432629
156,kondoa,-4.9,35.7833,15.18,70,31,2.27,TZ,1693432630
157,rio gallegos,-51.6226,-69.2181,7.03,45,0,6.17,AR,1693432632
158,batticaloa,7.7102,81.6924,25.95,84,100,1.38,LK,1693432634
159,karratha,-20.7377,116.8463,22.47,27,4,2.79,AU,1693432635
160,fale old settlement,-9.3852,-171.2468,28.46,77,32,6.82,TK,1693432636
161,kalmunai,7.4167,81.8167,26.0,83,100,1.51,LK,1693432638
162,kiunga,-6.1219,141.2906,21.91,86,100,1.57,PG,1693432639
163,uturoa,-16.7333,-151.4333,24.43,74,89,6.42,PF,1693432640
164,show low,34.2542,-110.0298,31.71,26,20,6.17,US,1693432641
165,palapag,12.5458,125.1147,27.03,78,81,5.54,PH,1693432642
166,udachny,66.4167,112.4,11.36,100,100,14.15,RU,1693432643
167,yankton,42.8711,-97.3973,29.14,48,0,4.12,US,1693432644
168,kaseda-shirakame,31.4167,130.3167,26.76,86,58,7.35,JP,1693432647
169,nemuro,43.3236,145.575,18.22,92,100,5.81,JP,1693432648
170,timbuktu,16.7735,-3.0074,37.15,27,99,3.61,ML,1693432649
171,jutai,-5.1833,-68.9,31.89,54,33,1.21,BR,1693432650
172,okha,53.5739,142.9478,12.99,91,100,3.53,RU,1693432651
173,hirara,24.8,125.2833,26.92,94,75,3.09,JP,1693432652
174,laguna,38.421,-121.4238,37.94,22,0,3.09,US,1693432653
175,kilkenny,52.6542,-7.2522,13.74,88,100,1.34,IE,1693432655
176,vila franca do campo,37.7167,-25.4333,23.23,82,39,0.68,PT,1693432656
177,chonchi,-42.6128,-73.8092,8.56,79,100,3.0,CL,1693432658
178,san pedro pochutla,15.7333,-96.4667,29.84,72,97,2.5,MX,1693432659
179,longyearbyen,78.2186,15.6401,6.91,93,100,3.09,SJ,1693432611
180,tura,25.5198,90.2201,24.47,77,2,1.25,IN,1693432662
181,san antonio de pale,-1.4014,5.6325,23.79,90,86,6.29,GQ,1693432667
182,san mariano,7.5,126.0,23.17,87,8,1.39,PH,1693432669
183,yallahs,17.8748,-76.5624,32.85,75,95,4.54,JM,1693432672
184,usinsk,65.9939,57.5281,7.41,77,8,3.76,RU,1693432674
185,angaur state,6.906,134.13,28.25,80,54,5.26,PW,1693432675
186,labrador city,52.9463,-66.9114,9.95,53,75,4.12,CA,1693432676
187,gadzhiyevo,69.2551,33.3362,11.31,85,13,3.31,RU,1693432678
188,howard springs,-12.497,131.047,18.95,81,61,1.7,AU,1693432679
189,kaohsiung,22.6163,120.3133,24.97,94,75,3.09,TW,1693432618
190,nova sintra,14.8667,-24.7167,23.49,82,100,1.93,CV,1693432682
191,lompoc,34.6391,-120.4579,32.1,44,0,3.09,US,1693432476
192,foso,5.7012,-1.2866,23.01,97,100,2.35,GH,1693432685
193,kharan,28.5833,65.4167,30.91,40,8,2.78,PK,1693432687
194,kodinsk,58.6881,99.1844,12.16,96,58,1.27,RU,1693432688
195,tantou,26.0314,119.5986,26.87,83,75,12.0,CN,1693432690
196,susuman,62.7833,148.1667,16.39,60,100,9.54,RU,1693432691
197,kamojimacho-jogejima,34.0667,134.35,26.9,96,100,3.41,JP,1693432693
198,tsiroanomandidy,-18.7667,46.0333,18.83,55,100,1.94,MG,1693432695
199,youhao,47.8667,128.8333,14.44,97,100,1.29,CN,1693432702
200,chuguyevka,44.1653,133.8633,17.69,99,100,0.78,RU,1693432707
201,leer,53.2316,7.461,12.99,95,40,3.77,DE,1693432709
202,geraldton,-28.7667,114.6,15.23,55,0,4.12,AU,1693432711
203,kingston,17.997,-76.7936,32.53,68,20,8.75,JM,1693432560
204,kasempa,-13.4584,25.8338,14.85,36,0,2.31,ZM,1693432714
205,talnakh,69.4865,88.3972,4.56,82,0,1.51,RU,1693432716
206,al jawf,29.5,38.75,27.97,23,0,3.77,SA,1693432717
207,kill devil hills,36.0307,-75.676,29.01,78,40,4.63,US,1693432722
208,kerikeri,-35.2268,173.9474,12.17,91,3,1.54,NZ,1693432725
209,kiruna,67.8557,20.2251,6.51,87,75,0.51,SE,1693432727
210,arraial do cabo,-22.9661,-42.0278,21.92,83,40,7.2,BR,1693432731
211,pangody,65.85,74.4859,8.43,77,77,4.06,RU,1693432732
212,lihue,21.9789,-159.3672,29.77,70,40,6.17,US,1693432733
213,thinadhoo,0.5333,72.9333,28.17,71,99,1.58,MV,1693432734
214,ngaoundere,7.3167,13.5833,18.24,94,99,0.55,CM,1693432736
215,calvi,42.5,8.8333,18.35,46,0,7.72,FR,1693432737
216,twin falls,42.3505,-114.6445,21.19,28,0,6.17,US,1693432738
217,bonthe,7.5264,-12.505,25.19,83,99,1.63,SL,1693432739
218,kuanda,56.3161,116.0806,13.51,66,0,0.43,RU,1693432741
219,port hedland,-20.3167,118.5667,17.03,31,5,3.6,AU,1693432521
220,okhotsk,59.3833,143.3,15.84,87,34,1.47,RU,1693432743
221,formosa do rio preto,-11.0483,-45.1931,29.87,34,90,0.58,BR,1693432746
222,dompu,-8.5356,118.4622,20.36,96,19,1.25,ID,1693432747
223,kudahuvadhoo,2.6708,72.8944,27.93,68,100,3.44,MV,1693432748
224,egilsstadir,65.2653,-14.3948,7.95,93,100,3.6,IS,1693432749
225,port macquarie,-31.4333,152.9167,14.94,70,91,1.84,AU,1693432476
226,nuuk,64.1835,-51.7216,5.34,87,75,2.57,GL,1693432514
227,georgetown,5.4112,100.3354,26.96,92,20,1.03,MY,1693432748
228,prieska,-29.6641,22.7474,17.35,25,0,3.79,ZA,1693432754
229,adrar,20.5022,-10.0711,34.61,31,14,2.8,MR,1693432756
230,prince rupert,54.3161,-130.3201,16.05,91,100,4.63,CA,1693432766
231,aasiaat,68.7098,-52.8699,2.89,92,100,5.24,GL,1693432767
232,petropavlovsk-kamchatsky,53.0452,158.6483,13.33,82,0,1.0,RU,1693432690
233,khanbari,27.3747,87.2039,22.07,93,52,0.34,NP,1693432769
234,nanga eboko,4.6833,12.3667,20.46,96,90,1.69,CM,1693432770
235,otacilio costa,-27.4831,-50.1219,12.6,88,0,0.92,BR,1693432772
236,jayapura,-2.5333,140.7,25.66,90,72,2.11,ID,1693432756
237,pau brasil,-15.4642,-39.6511,23.06,87,73,1.04,BR,1693432743
238,zhangjiakou,40.81,114.8794,14.66,87,89,1.09,CN,1693432775
239,alice springs,-23.7,133.8833,6.75,70,0,1.03,AU,1693432681
240,half moon bay,37.4636,-122.4286,38.08,29,0,2.57,US,1693432756
241,san luis de la loma,17.2706,-100.8939,29.35,75,79,1.29,MX,1693432778
242,hilo,19.7297,-155.09,27.36,82,100,2.57,US,1693432780
243,tuy hoa,13.0833,109.3,26.81,79,100,3.17,VN,1693432781
244,kourou,5.1552,-52.6478,30.03,79,43,3.67,GF,1693432783
245,inhambane,-23.865,35.3833,19.76,78,23,2.18,MZ,1693432784
246,kindu,-2.95,25.95,22.84,70,6,0.64,CD,1693432786
247,papatowai,-46.5619,169.4708,10.37,63,26,2.56,NZ,1693432790
248,rumoi,43.9344,141.6428,23.01,87,69,4.63,JP,1693432791
249,castillos,-34.1667,-53.8333,12.82,83,95,2.52,UY,1693432793
250,ljusdal,61.8288,16.0913,10.73,95,100,0.6,SE,1693432795
251,touros,-5.1989,-35.4608,24.94,80,0,6.11,BR,1693432796
252,kinkala,-4.3614,14.7644,23.84,68,7,1.8,CG,1693432797
253,la passe,45.5549,-0.8967,17.21,70,49,4.26,FR,1693432798
254,huizhou,23.0833,114.4,24.22,84,89,2.83,CN,1693432560
255,nizhnesortymskiy,62.4397,71.7603,13.14,84,96,8.46,RU,1693432801
256,sorsk,54.0033,90.2467,11.1,96,89,0.87,RU,1693432806
257,sola,-13.8833,167.55,28.37,84,40,1.03,VU,1693432809
258,tofol,5.3248,163.0078,28.94,73,60,4.2,FM,1693432813
259,revda,56.801,59.9303,9.12,98,100,3.24,RU,1693432816
260,mansoa,12.0733,-15.3189,25.11,92,82,1.77,GW,1693432819
261,lerwick,60.1545,-1.1494,11.0,94,2,2.04,GB,1693432823
262,mahanje,-9.9333,35.3333,16.09,64,15,0.91,TZ,1693432827
263,argostolion,38.1811,20.489,25.73,63,8,4.41,GR,1693432829
264,jamestown,42.097,-79.2353,17.77,89,100,4.63,US,1693432550
265,dharmanagar,24.3667,92.1667,25.47,86,54,1.37,IN,1693432831
266,palembang,-2.9167,104.7458,24.05,100,100,1.54,ID,1693432833
267,pisco,-13.7,-76.2167,22.03,68,9,9.77,PE,1693432834
268,hamilton,39.1834,-84.5333,23.85,61,0,6.17,US,1693432575
269,hermanus,-34.4187,19.2345,13.78,94,100,2.34,ZA,1693432686
270,sandnessjoen,66.0217,12.6316,12.29,80,56,5.33,NO,1693432838
271,fortuna,40.5982,-124.1573,24.4,62,20,8.75,US,1693432839
272,island harbour,50.724,-1.2758,15.52,85,100,0.89,GB,1693432841
273,noosa heads,-26.3833,153.15,17.28,81,41,2.05,AU,1693432842
274,dudinka,69.4058,86.1778,4.79,72,6,6.83,RU,1693432709
275,vorkuta,67.5,64.0,7.14,80,36,1.79,RU,1693432844
276,kaspiyskiy,45.3929,47.3707,18.76,52,0,2.91,RU,1693432846
277,embrun,44.5639,6.4953,11.81,80,71,2.83,FR,1693432847
278,krasnyy kut,50.95,46.9667,13.76,51,6,3.01,RU,1693432849
279,warmbad,-28.45,18.7333,20.67,51,1,2.05,NA,1693432850
280,bemidji,47.4736,-94.8803,28.27,53,0,3.6,US,1693432842
281,vilyuchinsk,52.9306,158.4028,14.15,67,5,3.92,RU,1693432853
282,itamarandiba,-17.8572,-42.8589,19.91,78,35,1.42,BR,1693432855
283,krasnoturansk,54.3186,91.5639,14.33,95,95,0.14,RU,1693432856
284,holualoa,19.6228,-155.9522,27.65,76,0,2.24,US,1693432858
285,gargalianoi,37.0667,21.6333,18.34,65,28,4.66,GR,1693432859
286,ambam,2.3833,11.2833,20.83,98,96,1.65,CM,1693432860
287,masterton,-40.9597,175.6575,9.94,68,10,1.83,NZ,1693432755
288,papao,-17.75,-149.55,27.82,79,98,4.76,PF,1693432865
289,masina,-4.3836,15.3914,26.17,62,26,1.17,CD,1693432868
290,inirida,3.8653,-67.9239,29.76,65,50,0.68,CO,1693432870
291,acarau,-2.8856,-40.12,25.78,81,0,6.78,BR,1693432871
292,livingston,55.9029,-3.5226,12.16,89,20,0.51,GB,1693432868
293,saudarkrokur,65.7461,-19.6394,10.75,80,100,0.3,IS,1693432873
294,lethbridge,49.7,-112.8186,21.45,59,100,12.35,CA,1693432662
295,port augusta,-32.5,137.7667,11.57,76,100,2.11,AU,1693432875
296,petauke,-14.2426,31.3253,17.03,50,0,4.43,ZM,1693432879
297,okakarara,-20.5833,17.4333,17.17,26,34,3.08,NA,1693432881
298,hithadhoo,-0.6,73.0833,27.58,73,99,1.81,MV,1693432882
299,rio grande,-32.035,-52.0986,17.06,86,45,4.29,BR,1693432706
300,champasak,14.75,106.0,22.7,100,100,0.1,LA,1693432885
301,tsiombe,-25.3,45.4833,18.6,77,2,5.85,MG,1693432886
302,kismayo,-0.3582,42.5454,24.52,84,50,6.54,SO,1693432889
303,ad dabbah,18.05,30.95,35.12,33,58,2.78,SD,1693432890
304,mogocha,53.7333,119.7667,11.38,83,37,1.79,RU,1693432891
305,illizi,26.4833,8.4667,35.89,28,18,1.46,DZ,1693432894
306,san patricio,28.017,-97.5169,37.87,19,0,3.37,US,1693432896
307,oriximina,-1.7656,-55.8661,31.68,40,0,1.8,BR,1693432898
308,sosnovo-ozerskoye,52.5249,111.5418,8.62,80,0,1.06,RU,1693432899
309,makokou,0.5738,12.8642,22.21,92,100,0.92,GA,1693432901
310,fort mcmurray,56.7268,-111.381,30.77,45,0,4.63,CA,1693432810
311,edd,13.9297,41.6925,33.3,65,79,3.85,ER,1693432905
312,enewetak,11.3474,162.3373,28.73,76,99,5.48,MH,1693432910
313,ust'-barguzin,53.45,108.9833,13.31,74,1,1.77,RU,1693432914
314,onega,63.9061,38.1404,13.32,81,100,2.13,RU,1693432917
315,mbale,1.0821,34.175,19.07,78,47,2.19,UG,1693432918
316,seaside,36.6111,-121.8516,36.51,69,0,4.47,US,1693432920
317,chinchilla,-26.75,150.6333,16.17,58,20,5.76,AU,1693432922
318,hotan,37.0997,79.9269,22.31,23,0,1.5,CN,1693432924
319,wamba,8.9333,8.6,22.81,96,68,0.53,NG,1693432730
320,aykhal,66.0,111.5,8.8,92,99,6.89,RU,1693432933
321,sunan,39.1983,125.69,18.75,93,61,1.16,KP,1693432934
322,domna,51.8971,113.1573,4.09,100,1,0.0,RU,1693432935
323,lhokseumawe,5.1801,97.1507,25.33,89,100,2.65,ID,1693432937
324,dongkan,33.9997,119.8308,18.8,83,100,0.84,CN,1693432938
325,huaibei,33.9744,116.7917,18.96,93,0,1.66,CN,1693432767
326,dorado,18.4588,-66.2677,32.32,70,40,2.57,PR,1693432740
327,pathein,16.7833,94.7333,25.02,92,80,1.46,MM,1693432945
328,margate,51.3813,1.3862,15.5,76,97,1.34,GB,1693432967
329,aginskoye,51.1,114.53,11.26,59,5,2.44,RU,1693432970
330,umba,66.6871,34.3429,11.17,90,100,3.02,RU,1693432971
331,cabugao,17.7931,120.4578,26.05,94,100,5.12,PH,1693432972
332,asekeyevo,53.5742,52.7972,10.24,61,53,3.97,RU,1693432974
333,alvorada,-12.48,-49.1247,30.14,45,47,0.93,BR,1693432895
334,silver lake,34.1488,-77.9136,26.11,96,75,5.66,US,1693432977
335,bathsheba,13.2167,-59.5167,29.34,84,40,6.69,BB,1693432978
336,ghat,24.9647,10.1728,31.82,30,38,1.49,LY,1693432979
337,kayyerkan,69.3786,87.7439,4.61,100,1,4.9,RU,1693432981
338,hammerfest,70.6634,23.6821,10.25,93,40,0.0,NO,1693432983
339,kenosha,42.5667,-88.0501,23.14,57,0,4.12,US,1693432985
340,manggar,-2.8833,108.2667,26.86,75,100,5.67,ID,1693432989
341,san mateo del mar,16.2,-95.0,29.92,71,24,6.03,MX,1693432991
342,skovorodino,53.9833,123.9167,14.37,78,98,1.45,RU,1693432993
343,kapoeta,4.7717,33.5903,23.79,69,99,2.82,SS,1693432994
344,bitlis,38.5,42.25,15.35,55,4,0.95,TR,1693432996
345,ust-tsilma,65.441,52.1498,9.97,74,100,1.52,RU,1693432998
346,kavaratti,10.5669,72.642,28.19,78,90,7.72,IN,1693432904
347,urucui,-7.2294,-44.5561,31.45,25,3,2.11,BR,1693433003
348,minas de marcona,-15.2119,-75.1103,14.21,80,27,7.94,PE,1693432870
349,ketchikan,55.3422,-131.6461,15.99,86,100,1.73,US,1693432848
350,buzuluk,52.7807,52.2635,10.53,59,4,3.42,RU,1693433009
351,bobo-dioulasso,11.1771,-4.2979,27.25,78,20,2.06,BF,1693432827
352,taoudenni,22.6783,-3.9836,39.25,21,4,2.81,ML,1693433014
353,fort bragg,35.139,-79.006,26.01,96,100,3.09,US,1693433016
354,aleksandrov gay,50.147,48.5704,15.23,44,5,2.87,RU,1693432912
355,bikenibeu village,1.3673,173.1241,29.98,74,40,2.06,KI,1693432856
356,san andres,12.5847,-81.7006,32.01,74,40,4.12,CO,1693432965
357,alamosa,37.4695,-105.87,26.99,22,0,2.57,US,1693433020
358,port nelson,23.6333,-74.8333,29.89,79,96,4.31,BS,1693433021
359,katabu,-4.9333,122.5167,20.4,86,28,1.93,ID,1693433022
360,posto fiscal rolim de moura,-13.0833,-62.2667,25.54,78,92,1.01,BR,1693433023
361,bereeda,11.8704,51.0579,29.99,57,2,2.94,SO,1693433025
362,moses lake,47.1301,-119.2781,24.2,35,100,3.6,US,1693432924
363,askale,39.9208,40.695,12.64,52,6,0.4,TR,1693433027
364,roma,43.2128,-75.4557,18.65,90,100,5.14,US,1693432950
365,kone,-21.0595,164.8658,24.35,80,99,1.74,NC,1693433030
366,mhamid,29.82,-5.72,32.3,13,0,3.35,MA,1693433031
367,qaisumah,28.3112,46.1273,31.98,19,0,3.09,SA,1693433033
368,vanimo,-2.6741,141.3028,25.77,89,31,2.07,PG,1693433035
369,pradopolis,-21.3594,-48.0656,27.1,47,74,1.61,BR,1693433036
370,ryotsu-minato,38.0833,138.4333,28.49,77,98,3.5,JP,1693433038
371,nelson bay,-32.7167,152.15,14.49,91,31,4.47,AU,1693433039
372,heunghae,36.1125,129.3522,23.94,92,95,1.07,KR,1693433040
373,baise city,23.8997,106.6133,20.94,83,10,1.63,CN,1693433042
374,vilyuysk,63.7553,121.6247,18.58,54,100,4.13,RU,1693433043
375,madera,37.1666,-119.8343,37.7,21,0,2.33,US,1693433045
376,misratah,32.3754,15.0925,27.2,72,6,8.55,LY,1693433047
377,statesboro,32.4488,-81.7832,25.74,93,100,11.32,US,1693432921
378,choszczno,53.169,15.4205,13.77,93,68,2.68,PL,1693433052
379,berezovyy,51.6667,135.7,15.02,78,100,0.77,RU,1693433054
380,freeport,40.6576,-73.5832,29.52,51,27,3.58,US,1693432806
381,qamdo,31.1667,97.2333,4.94,94,100,0.53,CN,1693433059
382,turaif,31.6725,38.6637,26.14,22,0,3.09,SA,1693433060
383,ancud,-41.8697,-73.8203,8.12,70,100,6.3,CL,1693432961
384,east london,-33.0153,27.9116,21.09,41,0,3.81,ZA,1693432984
385,villa angela,-27.5738,-60.7153,24.42,38,0,2.54,AR,1693433066
386,wuchuan,21.4571,110.7659,24.15,89,19,3.76,CN,1693433067
387,bom sucesso,-21.0331,-44.7581,22.47,52,78,1.61,BR,1693433069
388,caleta de carquin,-11.0925,-77.6267,20.98,75,8,5.75,PE,1693432883
389,luwuk,-0.9516,122.7875,22.05,83,45,2.34,ID,1693433071
390,plettenberg bay,-34.0527,23.3716,17.79,57,7,1.18,ZA,1693433073
391,saint-philippe,-21.3585,55.7679,20.18,78,96,4.74,RE,1693433074
392,puerto armuelles,8.2833,-82.8667,31.99,83,51,3.61,PA,1693433075
393,buka,40.8108,69.1986,19.43,65,99,3.07,UZ,1693433077
394,jati,24.3539,68.2671,26.38,73,13,5.27,PK,1693433081
395,liwale,-9.7667,37.9333,19.0,88,23,1.39,TZ,1693433082
396,aegina,37.7467,23.4275,28.44,67,2,7.42,GR,1693433085
397,tsengel,49.4783,100.8894,14.54,93,100,1.75,MN,1693433086
398,puerto deseado,-47.7503,-65.8938,8.87,37,76,8.32,AR,1693432959
399,tromso,69.6496,18.957,10.77,87,40,0.0,NO,1693433096
400,bouarfa,32.53,-1.95,23.11,29,0,7.97,MA,1693433099
401,noumea,-22.2763,166.4572,21.11,99,100,6.04,NC,1693432731
402,hrinova,48.5779,19.5257,13.18,97,100,1.46,SK,1693433102
403,yulinshi,38.2906,109.7494,19.39,47,76,1.98,CN,1693433105
404,pandan,14.0453,124.1694,28.13,74,91,6.44,PH,1693433107
405,copala,16.65,-98.9833,27.89,81,83,1.74,MX,1693433109
406,constantia,44.1833,28.65,24.38,79,57,3.42,RO,1693432967
407,hadagalli,15.0167,75.95,23.13,87,35,4.55,IN,1693433111
408,galesong,-5.3166,119.3661,20.01,69,37,3.37,ID,1693433113
409,quellon,-43.1167,-73.6167,10.14,66,40,5.66,CL,1693433114
410,veraval,20.9,70.3667,25.74,81,5,2.9,IN,1693433116
411,pelabuhanratu,-6.9875,106.5514,22.26,90,78,1.54,ID,1693433118
412,new norfolk,-42.7826,147.0587,11.72,85,100,3.76,AU,1693432860
413,sao tome,0.3365,6.7273,24.89,89,67,4.81,ST,1693433122
414,cabedelo,-6.9811,-34.8339,25.37,82,0,4.68,BR,1693433125
415,wildwood,38.5828,-90.6629,27.45,52,40,3.13,US,1693433127
416,beytussebap,37.5694,43.1681,16.5,62,3,2.43,TR,1693433129
417,kirensk,57.7853,108.1119,16.44,87,100,1.07,RU,1693433131
418,klaksvik,62.2266,-6.589,9.51,78,100,3.85,FO,1693432873
419,pariaman,-0.619,100.12,25.03,91,96,2.93,ID,1693433139
420,port shepstone,-30.7414,30.455,18.68,73,0,5.34,ZA,1693433140
421,magnitogorsk,53.4186,59.0472,9.86,88,70,4.27,RU,1693433141
422,mamuju,-2.6748,118.8885,25.37,86,59,1.71,ID,1693433142
423,bimbo,4.2567,18.4158,22.7,82,100,0.67,CF,1693433143
424,le grazie di ancona,43.6008,13.5153,18.89,59,75,1.54,IT,1693433148
425,groningen,53.25,6.75,12.23,92,0,3.6,NL,1693433100
426,linhares,-19.3911,-40.0722,21.95,93,64,2.05,BR,1693433151
427,port blair,11.6667,92.75,27.02,83,75,2.06,IN,1693433153
428,salinopolis,-0.6136,-47.3561,26.91,78,0,6.3,BR,1693433154
429,hanceville,34.0607,-86.7675,30.86,42,6,5.26,US,1693433155
430,ipueiras,-7.0333,-40.45,29.77,26,62,2.89,BR,1693433156
431,tazovsky,67.4667,78.7,4.3,75,38,3.35,RU,1693433157
432,ambon,-3.6954,128.1814,25.49,95,40,2.06,ID,1693433159
433,dunay,42.8803,132.3375,18.8,96,100,3.46,RU,1693433161
434,lospalos,-8.5186,127.0025,18.93,77,98,2.75,TL,1693433165
435,crotone,39.0851,17.1178,21.65,62,1,4.0,IT,1693433167
436,fiambala,-27.6871,-67.6149,22.09,10,0,4.14,AR,1693433168
437,mana,5.6592,-53.7767,27.29,82,5,3.32,GF,1693432956
438,hasaki,35.7333,140.8333,27.39,82,100,4.86,JP,1693432962
439,siwa oasis,29.2041,25.5195,32.32,31,1,4.31,EG,1693433193
440,praia da vitoria,38.7333,-27.0667,23.2,86,39,1.41,PT,1693433215
441,san julian,21.0167,-102.1667,26.36,34,68,0.9,MX,1693433216
442,ola,59.5833,151.2833,12.37,92,98,3.4,RU,1693433217
443,crane,31.3974,-102.3501,33.03,20,1,0.63,US,1693433218
444,sabha,27.0377,14.4283,32.38,30,1,6.82,LY,1693433220
445,namibe,-15.1961,12.1522,19.9,84,97,3.32,AO,1693433221
446,raduzhnyy,62.0961,77.475,12.95,81,98,4.23,RU,1693433222
447,hami,42.8,93.45,23.62,33,0,2.66,CN,1693433225
448,tarawa,1.419,172.984,31.05,70,20,1.54,KI,1693433226
449,khetia,21.6667,74.5833,24.51,78,5,2.57,IN,1693433227
450,yuzhno-kurilsk,44.0306,145.8556,17.91,91,94,5.84,RU,1693433228
451,isangel,-19.55,169.2667,24.18,93,100,6.76,VU,1693432976
452,pemangkat,1.1667,108.9667,26.26,88,100,3.36,ID,1693433230
453,ahlat,38.7518,42.4814,18.7,44,16,1.03,TR,1693433231
454,pedernales,18.0384,-71.744,31.96,60,79,6.28,DO,1693433232
455,baishishan,43.5833,127.5667,13.83,96,83,0.97,CN,1693433233
456,santa marta,11.2408,-74.199,31.02,74,26,6.16,CO,1693433234
457,altai,46.3722,96.2583,13.03,52,100,2.8,MN,1693433235
458,brisas de zicatela,15.8369,-97.0419,31.29,55,75,2.57,MX,1693433236
459,freetown,8.484,-13.2299,24.86,83,100,0.79,SL,1693433237
460,alesund,62.4723,6.1549,14.31,89,0,4.12,NO,1693433212
461,aleksandrovskoye,44.7142,43.0008,14.88,51,0,3.94,RU,1693433239
462,benguela,-12.5763,13.4055,21.36,87,10,3.34,AO,1693433240
463,menongue,-14.6585,17.691,13.95,24,0,2.17,AO,1693433242
464,rutland,43.6167,-73.0162,22.36,75,100,3.6,US,1693433243
465,nanao,37.05,136.9667,29.61,82,100,1.7,JP,1693433244
466,naranjo,10.0987,-84.3782,27.87,87,100,0.5,CR,1693433245
467,remire-montjoly,4.9167,-52.2667,29.02,74,0,2.06,GF,1693433246
468,balikpapan,-1.2675,116.8289,25.55,94,40,2.57,ID,1693433247
469,sejny,54.108,23.347,16.83,98,100,2.31,PL,1693433249
470,midvagur,62.0511,-7.1939,9.46,76,100,2.06,FO,1693433250
471,vila velha,-20.3297,-40.2925,23.97,92,100,2.06,BR,1693433251
472,karatau,43.1667,70.4667,17.49,61,100,3.24,KZ,1693433252
473,yaren,-0.5472,166.916,28.84,72,22,2.7,NR,1693433254
474,turkmenbasy,40.0222,52.9552,16.43,59,0,0.0,TM,1693433255
475,bandar abbas,27.1865,56.2808,30.99,74,20,3.09,IR,1693433257
476,ostersund,63.1792,14.6357,13.67,94,100,0.0,SE,1693433258
477,giado,31.9582,12.0203,29.31,21,71,3.16,LY,1693433259
478,east ballina,-28.8667,153.5833,16.0,79,80,1.58,AU,1693433261
479,santana,-0.0583,-51.1817,30.1,70,20,4.12,BR,1693433142
480,kharp,66.8014,65.8081,10.44,77,95,3.81,RU,1693433263
481,tvoroyri,61.5556,-6.8111,9.99,78,99,5.8,FO,1693433264
482,shahgarh,24.3167,79.1333,24.83,77,77,2.15,IN,1693433266
483,devrekani,41.603,33.8392,17.46,51,1,0.81,TR,1693433267
484,khandyga,62.6667,135.6,16.33,76,83,1.8,RU,1693433268
485,piton saint-leu,-21.2196,55.3151,18.04,72,84,5.86,RE,1693433268
486,caribou,46.8606,-68.012,17.24,91,100,9.77,US,1693433269
487,kalevala,65.2,31.1667,14.42,77,100,1.96,RU,1693433270
488,lincoln,40.8,-96.667,31.26,46,20,3.09,US,1693432634
489,marsh harbour,26.5412,-77.0636,30.81,73,81,8.5,BS,1693433121
490,sinop,41.7711,34.8709,23.55,41,0,3.21,TR,1693433273
491,shingu,33.7333,135.9833,25.67,89,100,1.25,JP,1693433274
492,potam,27.6,-110.3833,35.19,51,55,5.77,MX,1693433275
493,cruzeiro do sul,-29.5128,-51.9853,18.62,76,0,0.71,BR,1693433113
494,hacibektas,38.9408,34.5577,18.77,43,0,4.63,TR,1693433277
495,santiago,-33.4569,-70.6483,18.69,57,0,4.63,CL,1693432626
496,conceicao da barra,-18.5933,-39.7322,23.07,93,27,3.03,BR,1693433279
497,hastings,50.8552,0.5729,15.44,32,94,3.51,GB,1693433280
498,port douglas,-16.4833,145.4667,21.15,70,12,1.53,AU,1693433282
499,mangalia,43.8,28.5833,24.2,85,20,2.99,RO,1693433284
500,hibbing,47.4272,-92.9377,25.32,35,0,1.54,US,1693433285
501,saquarema,-22.92,-42.5103,22.02,92,19,3.18,BR,1693433090
502,al ghayzah,16.2079,52.176,26.56,87,92,2.05,YE,1693433288
503,ierapetra,35.01,25.7353,26.19,66,1,0.45,GR,1693433289
504,toijala,61.1678,23.8382,16.04,99,100,1.85,FI,1693433291
505,baley,51.6,116.6333,9.34,74,69,0.8,RU,1693433292
506,mahajanga,-15.7167,46.3167,24.16,58,0,7.66,MG,1693433293
507,kievka,50.2619,71.5514,11.22,55,1,4.62,KZ,1693433294
508,bangassou,4.7413,22.8184,21.53,91,100,0.64,CF,1693433295
509,roosevelt,33.9668,-103.4505,31.12,18,0,2.61,US,1693433296
510,chepo,9.1667,-79.1,32.23,76,73,3.48,PA,1693433299
511,kirakira,-10.4544,161.9205,26.43,86,100,1.54,SB,1693433300
512,arhavi,41.3492,41.3069,22.95,62,0,1.83,TR,1693433301
513,tevriz,57.509,72.4042,14.01,95,100,2.7,RU,1693433304
514,paraiso,9.8383,-83.8656,25.95,79,100,1.3,CR,1693433308
515,cill airne,52.05,-9.5167,13.02,97,100,2.66,IE,1693433310
516,kalix,65.853,23.1565,13.21,84,80,1.17,SE,1693433304
517,likiep,9.8251,169.3107,28.54,78,37,7.27,MH,1693433313
518,puerto madero,14.7208,-92.4215,31.11,89,75,2.57,MX,1693433316
519,nykobing falster,54.7691,11.8743,16.72,83,77,1.79,DK,1693433317
520,gereshk,31.8209,64.5701,28.51,15,0,2.46,AF,1693433318
521,mount isa,-20.7333,139.5,16.87,45,0,6.69,AU,1693433319
522,kui buri,12.0828,99.8543,26.22,82,99,2.37,TH,1693433320
523,wuyang,31.9925,116.2472,19.69,92,5,2.23,CN,1693433321
524,suda,59.1525,37.5582,11.06,77,96,2.55,RU,1693433322
525,mumford,5.2618,-0.759,24.47,92,95,5.42,GH,1693433324
526,gazli,40.1333,63.45,17.91,34,1,4.03,UZ,1693433325
527,monte alegre,-2.0078,-54.0692,30.57,38,2,1.66,BR,1693433326
528,prado,-17.3411,-39.2208,24.08,91,40,3.55,BR,1693433327
529,maputo,-25.9653,32.5892,18.62,85,0,3.15,MZ,1693433220
530,ciudad lazaro cardenas,17.9583,-102.2,30.31,69,64,3.43,MX,1693433330
531,polyarnyy,69.1989,33.4478,11.42,85,17,3.51,RU,1693433331
532,ahtari,62.554,24.0619,13.31,98,100,3.11,FI,1693433332
533,kursenai,55.985,22.9189,19.14,98,100,1.98,LT,1693433334
534,turuntayevo,52.2,107.6167,9.05,73,44,1.03,RU,1693433335
535,yambio,4.5721,28.3955,19.98,96,100,1.14,SS,1693433336
536,ta`u,-14.2336,-169.5144,26.59,80,79,11.89,AS,1693433337
537,villa gesell,-37.2639,-56.973,13.36,80,100,9.18,AR,1693433338
538,weihai,37.5017,122.1136,20.74,67,0,2.55,CN,1693433339
539,selebi-phikwe,-21.979,27.8498,12.79,68,0,1.86,BW,1693433340
540,kiboga,0.9161,31.7742,17.11,76,7,1.27,UG,1693433341
541,gribanovskiy,51.4579,41.9764,14.56,57,50,1.71,RU,1693433342
542,puerto leguizamo,-0.1934,-74.7819,28.04,68,96,0.65,CO,1693433343
543,badou,7.5833,0.6,21.85,91,53,1.42,TG,1693433347
544,maridi,4.9158,29.4742,18.87,95,100,1.88,SS,1693433348
545,collie,-33.3667,116.15,6.95,86,0,2.69,AU,1693433350
546,cozumel,20.5083,-86.9458,33.04,83,40,4.12,MX,1693433352
547,peterhead,57.5058,-1.7981,12.22,89,0,4.56,GB,1693433354
548,dombarovskiy,50.7587,59.5386,9.6,84,43,4.25,RU,1693433355
549,luderitz,-26.6481,15.1594,16.41,77,24,2.47,NA,1693433356
550,khagaria,25.5,86.4833,29.26,66,54,2.5,IN,1693433358
551,antalaha,-14.9003,50.2788,20.73,86,29,4.25,MG,1693433362
552,chashniki,54.8569,29.1607,19.49,85,84,1.6,BY,1693433366
553,rio preto da eva,-2.6994,-59.6997,33.83,27,35,0.65,BR,1693433369
